continent_name,total_gdp_per_capita,percentage_share
"North America",428844.49810791016,14.865125877918281
Europe,1262686.2567138672,43.76875588513667
"Rest of the World",1193372.4853515625,41.36611823694505
